,Name,Price,Discount
0,"Apple AirPods (2nd Generation) Wireless Earbuds with Lightning Charging Case Included. Over 24 Hours of Battery Life, Effortless Setup. Bluetooth Headphones for iPhone",No Price Given,No Discount
1,Apple 20W USB-C Power Adapter,No Price Given,No Discount
2,"Bose QuietComfort Noise Cancelling Earbuds - Bluetooth Wireless Earphones, Triple Black, the World's Most Effective Noise Cancelling Earbuds",No Price Given,No Discount
3,Bose QuietComfort 45 Bluetooth Wireless Noise Cancelling Headphones - Triple Black,No Price Given,No Discount
4,"Apple EarPods Headphones with Lightning Connector. Microphone with Built-in Remote to Control Music, Phone Calls, and Volume. Wired Earbuds for iPhone",No Price Given,No Discount
5,"Bose SoundLink Color II: Portable Bluetooth, Wireless Speaker with Microphone- Soft Black",$129.00 ,No Discount
6,"Apple Pencil (2nd Generation), White",No Price Given,No Discount
7,"Surge Protector Power Strip, HANYCONY 8 Wide Outlets with 4 USB Charging Ports, 3 Side Outlet Extender with 5Ft Braided Extension Cord, Flat Plug, Wall Mount, Desk Charging Station for Home Office ETL",No Price Given,No Discount
8,"Beats Studio Buds – True Wireless Noise Cancelling Earbuds – Compatible with Apple & Android, Built-in Microphone, IPX4 Rating, Sweat Resistant Earphones, Class 1 Bluetooth Headphones - Black",$99.95 ,-33%
9,"SAMSUNG Galaxy Watch 4 40mm Smartwatch with ECG Monitor Tracker for Health, Fitness, Running, Sleep Cycles, GPS Fall Detection, Bluetooth, US Version, SM-R860NZSAXAA, Silver",$209.00 ,-16%
10,"Sony WF-1000XM4 Industry Leading Noise Canceling Truly Wireless Earbud Headphones with Alexa Built-in, Black",$278.00 ,No Discount
11,"SAMSUNG Galaxy Buds Pro, Bluetooth Earbuds, True Wireless, Noise Cancelling, Charging Case, Quality Sound, Water Resistant, Phantom Black (US Version)",$178.23 ,-11%
12,"ZAGG InvisibleShield GlassFusion+ with D3O Screen Protector - Made Apple iPhone 12 mini - Case Friendly, clear (200307600)",$35.47 ,-7%
13,"Full Motion TV Monitor Wall Mount Bracket Articulating Arms Swivels Tilts Extension Rotation for Most 13-42 Inch LED LCD Flat Curved Screen TVs & Monitors, Max VESA 200x200mm up to 44lbs by Pipishell",$29.99 ,No Discount
14,"Scotch Thermal Laminating Pouches, 100-Pack, 8.9 x 11.4 Inches, Letter Size Sheets (TP3854-100)",$12.99 ,-47%
15,"SanDisk 128GB Ultra microSDXC UHS-I Memory Card with Adapter - 120MB/s, C10, U1, Full HD, A1, Micro SD Card - SDSQUA4-128G-GN6MA",$17.52 ,-30%
16,"Sony WH-1000XM4 Wireless Premium Noise Canceling Overhead Headphones with Mic for Phone-Call and Alexa Voice Control, Blue",No Price Given,No Discount
17,"SAMSUNG Galaxy Buds Live, True Wireless Earbuds with Active Noise Cancelling, Microphone, Charging Case for Ear Buds, US Version, Onyx Black",$99.99 ,-33%
18,"Original HP 67 Black/Tri-color Ink Cartridges (2-pack) | Works with HP DeskJet 1255, 2700, 4100 Series, HP ENVY 6000, 6400 Series | Eligible for Instant Ink | 3YP29AN",No Price Given,No Discount
19,"Ailun Glass Screen Protector Compatible for iPhone 11/iPhone XR, 6.1 Inch 3 Pack Tempered Glass",No Price Given,No Discount
20,"GoPro HERO8 Black Bundle: Includes HERO8 Black Camera, Rechargeable Battery (2 Total), Protective Housing, and Carrying Case",$359.97 ,No Discount
21,"Original HP 67XL Black High-yield Ink Cartridge | Works with HP DeskJet 1255, 2700, 4100 Series, HP ENVY 6000, 6400 Series | Eligible for Instant Ink | 3YM57AN",No Price Given,No Discount
22,"Ailun 2 Pack Screen Protector Compatible for iPhone 13 Pro Max [6.7 inch] Display 2021 with 2 Pack Tempered Glass Camera Lens Protector,[9H Hardness]-HD",No Price Given,No Discount
23,"Mounting Dream UL Listed TV Mount for Most 37-70 Inch TV, Universal Tilt TV Wall Mount Fit 16"", 18"", 24"" Stud with Loading 132 lbs & Max VESA 600x400mm, Low Profile Flat Wall Mount Bracket MD2268-LK",No Price Given,No Discount
24,"Bose Noise Cancelling Headphones 700 — Over Ear, Wireless Bluetooth Headphones with Built-In Microphone for Clear Calls & Alexa Voice Control, Silver Luxe",$379.00 ,No Discount
25,"Apple AirPods (2nd Generation) Wireless Earbuds with Lightning Charging Case Included. Over 24 Hours of Battery Life, Effortless Setup. Bluetooth Headphones for iPhone",No Price Given,No Discount
26,"Apple EarPods Headphones with Lightning Connector. Microphone with Built-in Remote to Control Music, Phone Calls, and Volume. Wired Earbuds for iPhone",No Price Given,No Discount
27,"SAMSUNG Galaxy Watch 4 40mm Smartwatch with ECG Monitor Tracker for Health, Fitness, Running, Sleep Cycles, GPS Fall Detection, Bluetooth, US Version, SM-R860NZSAXAA, Silver",$209.00 ,-16%
28,"SAMSUNG Galaxy Buds Pro, Bluetooth Earbuds, True Wireless, Noise Cancelling, Charging Case, Quality Sound, Water Resistant, Phantom Black (US Version)",$178.23 ,-11%
29,"Scotch Thermal Laminating Pouches, 100-Pack, 8.9 x 11.4 Inches, Letter Size Sheets (TP3854-100)",$12.99 ,-47%
30,"SanDisk 128GB Ultra microSDXC UHS-I Memory Card with Adapter - 120MB/s, C10, U1, Full HD, A1, Micro SD Card - SDSQUA4-128G-GN6MA",$17.52 ,-30%
31,"SAMSUNG Galaxy Buds Live, True Wireless Earbuds with Active Noise Cancelling, Microphone, Charging Case for Ear Buds, US Version, Onyx Black",$99.99 ,-33%
32,"GoPro HERO8 Black Bundle: Includes HERO8 Black Camera, Rechargeable Battery (2 Total), Protective Housing, and Carrying Case",$359.97 ,No Discount
33,"Garmin Vivoactive 4, GPS Smartwatch, Features Music, Body Energy Monitoring, Animated Workouts, Pulse Ox Sensors and More, Black",$206.80 ,-37%
34,"iOttie Easy One Touch 5 Dashboard & Windshield Universal Car Mount Phone Holder Desk Stand for -iPhone, Samsung, Moto, Huawei, Nokia, LG, Smartphones",$17.10 ,-31%
35,Apple Lightning to 3.5 mm Headphone Jack Adapter,No Price Given,No Discount
36,[Apple MFi Certified] 6Pack 3/3/6/6/6/10 FT iPhone Charger Nylon Braided Fast Charging Lightning Cable Compatible iPhone 13 mini/13/12/11 Pro MAX/XR/XS/8/7/Plus/6S/SE/iPad,$11.99 ,No Discount
37,"ZAGG InvisibleShield GlassFusion+ with D3O Screen Protector - Made Apple iPhone 12 mini - Case Friendly, clear (200307600)",$35.47 ,-7%
38,"SanDisk 128GB Extreme PRO SDXC UHS-I Card - C10, U3, V30, 4K UHD, SD Card - SDSDXXY-128G-GN4IN",$25.99 ,-42%
39,"Scotch Thermal Laminating Pouches, 200-Pack, 8.9 x 11.4 Inches, Letter Size Sheets, Clear, 3-Mil (TP3854-200)",$25.99 ,-40%
40,"SAMSUNG EVO Select Micro SD-Memory-Card + Adapter, 256GB microSDXC 130MB/s Full HD & 4K UHD, UHS-I, U3, A2, V30, Expanded Storage for Android Smartphones, Tablets, Nintendo-Switch (MB-ME256KA/AM)",$26.99 ,-33%
41,"SanDisk 128GB Extreme microSDXC UHS-I Memory Card with Adapter - Up to 160MB/s, C10, U3, V30, 4K, A2, Micro SD - SDSQXA1-128G-GN6MA",$18.87 ,No Discount
42,Made for Amazon SanDisk 128GB microSD Memory Card for Fire Tablets and Fire -TV,$15.15 ,No Discount
43,Apple Lightning to USB Cable (1 m),No Price Given,No Discount
44,"Samsung Galaxy SmartTag Bluetooth Tracker & Item Locator for Keys, Wallets, Luggage, Pets and More (1 Pack), Black (US Version)",$29.99 ,No Discount
45,"Amazon Basics Full Motion Articulating TV Monitor Wall Mount for 22-55 Inch TVs and Flat Panels up to 80 Lbs, Black",$22.96 ,No Discount
46,Poly Voyager 5200 Bluetooth Headset (Plantronics) - Single-Ear (Mono) Bluetooth Earpiece with Noise Canceling Mic - Cell/Mobile Phone Headset,$89.99 ,-25%
47,"Marshall Stanmore II Wireless Bluetooth Speaker, Black - NEW",$299.99 ,-21%
48,"SAMSUNG Galaxy Buds 2 True Wireless Bluetooth Earbuds w/ Noise Cancelling, Ambient Sound, Comfort Ear Fit, 3 Mics, Long Battery Life, Touch Control, Auto Switch Between Devices, US Version, Graphite",$116.07 ,-23%
49,AfterShokz Aeropex - Open-Ear Bluetooth Bone Conduction Sport Headphones - Sweat Resistant Wireless Earphones for Workouts and Running - Built-in Mic - with Sport Belt,$141.93 ,No Discount
50,"Apple AirPods (2nd Generation) Wireless Earbuds with Lightning Charging Case Included. Over 24 Hours of Battery Life, Effortless Setup. Bluetooth Headphones for iPhone",No Price Given,No Discount
51,"Apple EarPods Headphones with Lightning Connector. Microphone with Built-in Remote to Control Music, Phone Calls, and Volume. Wired Earbuds for iPhone",No Price Given,No Discount
52,"SAMSUNG Galaxy Watch 4 40mm Smartwatch with ECG Monitor Tracker for Health, Fitness, Running, Sleep Cycles, GPS Fall Detection, Bluetooth, US Version, SM-R860NZSAXAA, Silver",$209.00 ,-16%
53,"SAMSUNG Galaxy Buds Pro, Bluetooth Earbuds, True Wireless, Noise Cancelling, Charging Case, Quality Sound, Water Resistant, Phantom Black (US Version)",$178.23 ,-11%
54,"Scotch Thermal Laminating Pouches, 100-Pack, 8.9 x 11.4 Inches, Letter Size Sheets (TP3854-100)",$12.99 ,-47%
55,"SanDisk 128GB Ultra microSDXC UHS-I Memory Card with Adapter - 120MB/s, C10, U1, Full HD, A1, Micro SD Card - SDSQUA4-128G-GN6MA",$17.52 ,-30%
56,"SAMSUNG Galaxy Buds Live, True Wireless Earbuds with Active Noise Cancelling, Microphone, Charging Case for Ear Buds, US Version, Onyx Black",$99.99 ,-33%
57,"GoPro HERO8 Black Bundle: Includes HERO8 Black Camera, Rechargeable Battery (2 Total), Protective Housing, and Carrying Case",$359.97 ,No Discount
58,"Garmin Vivoactive 4, GPS Smartwatch, Features Music, Body Energy Monitoring, Animated Workouts, Pulse Ox Sensors and More, Black",$206.80 ,-37%
59,"iOttie Easy One Touch 5 Dashboard & Windshield Universal Car Mount Phone Holder Desk Stand for -iPhone, Samsung, Moto, Huawei, Nokia, LG, Smartphones",$17.10 ,-31%
60,Apple Lightning to 3.5 mm Headphone Jack Adapter,No Price Given,No Discount
61,[Apple MFi Certified] 6Pack 3/3/6/6/6/10 FT iPhone Charger Nylon Braided Fast Charging Lightning Cable Compatible iPhone 13 mini/13/12/11 Pro MAX/XR/XS/8/7/Plus/6S/SE/iPad,$11.99 ,No Discount
62,"ZAGG InvisibleShield GlassFusion+ with D3O Screen Protector - Made Apple iPhone 12 mini - Case Friendly, clear (200307600)",$35.47 ,-7%
63,"SanDisk 128GB Extreme PRO SDXC UHS-I Card - C10, U3, V30, 4K UHD, SD Card - SDSDXXY-128G-GN4IN",$25.99 ,-42%
64,"Scotch Thermal Laminating Pouches, 200-Pack, 8.9 x 11.4 Inches, Letter Size Sheets, Clear, 3-Mil (TP3854-200)",$25.99 ,-40%
65,"SAMSUNG EVO Select Micro SD-Memory-Card + Adapter, 256GB microSDXC 130MB/s Full HD & 4K UHD, UHS-I, U3, A2, V30, Expanded Storage for Android Smartphones, Tablets, Nintendo-Switch (MB-ME256KA/AM)",$26.99 ,-33%
66,"SanDisk 128GB Extreme microSDXC UHS-I Memory Card with Adapter - Up to 160MB/s, C10, U3, V30, 4K, A2, Micro SD - SDSQXA1-128G-GN6MA",$18.87 ,No Discount
67,Made for Amazon SanDisk 128GB microSD Memory Card for Fire Tablets and Fire -TV,$15.15 ,No Discount
68,Apple Lightning to USB Cable (1 m),No Price Given,No Discount
69,"Samsung Galaxy SmartTag Bluetooth Tracker & Item Locator for Keys, Wallets, Luggage, Pets and More (1 Pack), Black (US Version)",$29.99 ,No Discount
70,"Amazon Basics Full Motion Articulating TV Monitor Wall Mount for 22-55 Inch TVs and Flat Panels up to 80 Lbs, Black",$22.96 ,No Discount
71,Poly Voyager 5200 Bluetooth Headset (Plantronics) - Single-Ear (Mono) Bluetooth Earpiece with Noise Canceling Mic - Cell/Mobile Phone Headset,$89.99 ,-25%
72,"Marshall Stanmore II Wireless Bluetooth Speaker, Black - NEW",$299.99 ,-21%
73,"SAMSUNG Galaxy Buds 2 True Wireless Bluetooth Earbuds w/ Noise Cancelling, Ambient Sound, Comfort Ear Fit, 3 Mics, Long Battery Life, Touch Control, Auto Switch Between Devices, US Version, Graphite",$116.07 ,-23%
74,AfterShokz Aeropex - Open-Ear Bluetooth Bone Conduction Sport Headphones - Sweat Resistant Wireless Earphones for Workouts and Running - Built-in Mic - with Sport Belt,$141.93 ,No Discount
75,"Apple AirPods (2nd Generation) Wireless Earbuds with Lightning Charging Case Included. Over 24 Hours of Battery Life, Effortless Setup. Bluetooth Headphones for iPhone",No Price Given,No Discount
76,"Apple EarPods Headphones with Lightning Connector. Microphone with Built-in Remote to Control Music, Phone Calls, and Volume. Wired Earbuds for iPhone",No Price Given,No Discount
77,"SAMSUNG Galaxy Watch 4 40mm Smartwatch with ECG Monitor Tracker for Health, Fitness, Running, Sleep Cycles, GPS Fall Detection, Bluetooth, US Version, SM-R860NZSAXAA, Silver",$209.00 ,-16%
78,"SAMSUNG Galaxy Buds Pro, Bluetooth Earbuds, True Wireless, Noise Cancelling, Charging Case, Quality Sound, Water Resistant, Phantom Black (US Version)",$178.23 ,-11%
79,"Scotch Thermal Laminating Pouches, 100-Pack, 8.9 x 11.4 Inches, Letter Size Sheets (TP3854-100)",$12.99 ,-47%
80,"SanDisk 128GB Ultra microSDXC UHS-I Memory Card with Adapter - 120MB/s, C10, U1, Full HD, A1, Micro SD Card - SDSQUA4-128G-GN6MA",$17.52 ,-30%
81,"SAMSUNG Galaxy Buds Live, True Wireless Earbuds with Active Noise Cancelling, Microphone, Charging Case for Ear Buds, US Version, Onyx Black",$99.99 ,-33%
82,"GoPro HERO8 Black Bundle: Includes HERO8 Black Camera, Rechargeable Battery (2 Total), Protective Housing, and Carrying Case",$359.97 ,No Discount
83,"Garmin Vivoactive 4, GPS Smartwatch, Features Music, Body Energy Monitoring, Animated Workouts, Pulse Ox Sensors and More, Black",$206.80 ,-37%
84,"iOttie Easy One Touch 5 Dashboard & Windshield Universal Car Mount Phone Holder Desk Stand for -iPhone, Samsung, Moto, Huawei, Nokia, LG, Smartphones",$17.10 ,-31%
85,Apple Lightning to 3.5 mm Headphone Jack Adapter,No Price Given,No Discount
86,[Apple MFi Certified] 6Pack 3/3/6/6/6/10 FT iPhone Charger Nylon Braided Fast Charging Lightning Cable Compatible iPhone 13 mini/13/12/11 Pro MAX/XR/XS/8/7/Plus/6S/SE/iPad,$11.99 ,No Discount
87,"ZAGG InvisibleShield GlassFusion+ with D3O Screen Protector - Made Apple iPhone 12 mini - Case Friendly, clear (200307600)",$35.47 ,-7%
88,"SanDisk 128GB Extreme PRO SDXC UHS-I Card - C10, U3, V30, 4K UHD, SD Card - SDSDXXY-128G-GN4IN",$25.99 ,-42%
89,"Scotch Thermal Laminating Pouches, 200-Pack, 8.9 x 11.4 Inches, Letter Size Sheets, Clear, 3-Mil (TP3854-200)",$25.99 ,-40%
90,"SAMSUNG EVO Select Micro SD-Memory-Card + Adapter, 256GB microSDXC 130MB/s Full HD & 4K UHD, UHS-I, U3, A2, V30, Expanded Storage for Android Smartphones, Tablets, Nintendo-Switch (MB-ME256KA/AM)",$26.99 ,-33%
91,"SanDisk 128GB Extreme microSDXC UHS-I Memory Card with Adapter - Up to 160MB/s, C10, U3, V30, 4K, A2, Micro SD - SDSQXA1-128G-GN6MA",$18.87 ,No Discount
92,Made for Amazon SanDisk 128GB microSD Memory Card for Fire Tablets and Fire -TV,$15.15 ,No Discount
93,Apple Lightning to USB Cable (1 m),No Price Given,No Discount
94,"Samsung Galaxy SmartTag Bluetooth Tracker & Item Locator for Keys, Wallets, Luggage, Pets and More (1 Pack), Black (US Version)",$29.99 ,No Discount
95,"Amazon Basics Full Motion Articulating TV Monitor Wall Mount for 22-55 Inch TVs and Flat Panels up to 80 Lbs, Black",$22.96 ,No Discount
96,Poly Voyager 5200 Bluetooth Headset (Plantronics) - Single-Ear (Mono) Bluetooth Earpiece with Noise Canceling Mic - Cell/Mobile Phone Headset,$89.99 ,-25%
97,"Marshall Stanmore II Wireless Bluetooth Speaker, Black - NEW",$299.99 ,-21%
98,"SAMSUNG Galaxy Buds 2 True Wireless Bluetooth Earbuds w/ Noise Cancelling, Ambient Sound, Comfort Ear Fit, 3 Mics, Long Battery Life, Touch Control, Auto Switch Between Devices, US Version, Graphite",$116.07 ,-23%
99,AfterShokz Aeropex - Open-Ear Bluetooth Bone Conduction Sport Headphones - Sweat Resistant Wireless Earphones for Workouts and Running - Built-in Mic - with Sport Belt,$141.93 ,No Discount
100,"Apple AirPods (2nd Generation) Wireless Earbuds with Lightning Charging Case Included. Over 24 Hours of Battery Life, Effortless Setup. Bluetooth Headphones for iPhone",No Price Given,No Discount
101,"Apple EarPods Headphones with Lightning Connector. Microphone with Built-in Remote to Control Music, Phone Calls, and Volume. Wired Earbuds for iPhone",No Price Given,No Discount
102,"SAMSUNG Galaxy Watch 4 40mm Smartwatch with ECG Monitor Tracker for Health, Fitness, Running, Sleep Cycles, GPS Fall Detection, Bluetooth, US Version, SM-R860NZSAXAA, Silver",$209.00 ,-16%
103,"SAMSUNG Galaxy Buds Pro, Bluetooth Earbuds, True Wireless, Noise Cancelling, Charging Case, Quality Sound, Water Resistant, Phantom Black (US Version)",$178.23 ,-11%
104,"Scotch Thermal Laminating Pouches, 100-Pack, 8.9 x 11.4 Inches, Letter Size Sheets (TP3854-100)",$12.99 ,-47%
105,"SanDisk 128GB Ultra microSDXC UHS-I Memory Card with Adapter - 120MB/s, C10, U1, Full HD, A1, Micro SD Card - SDSQUA4-128G-GN6MA",$17.52 ,-30%
106,"SAMSUNG Galaxy Buds Live, True Wireless Earbuds with Active Noise Cancelling, Microphone, Charging Case for Ear Buds, US Version, Onyx Black",$99.99 ,-33%
107,"GoPro HERO8 Black Bundle: Includes HERO8 Black Camera, Rechargeable Battery (2 Total), Protective Housing, and Carrying Case",$359.97 ,No Discount
108,"Garmin Vivoactive 4, GPS Smartwatch, Features Music, Body Energy Monitoring, Animated Workouts, Pulse Ox Sensors and More, Black",$206.80 ,-37%
109,"iOttie Easy One Touch 5 Dashboard & Windshield Universal Car Mount Phone Holder Desk Stand for -iPhone, Samsung, Moto, Huawei, Nokia, LG, Smartphones",$17.10 ,-31%
110,Apple Lightning to 3.5 mm Headphone Jack Adapter,No Price Given,No Discount
111,[Apple MFi Certified] 6Pack 3/3/6/6/6/10 FT iPhone Charger Nylon Braided Fast Charging Lightning Cable Compatible iPhone 13 mini/13/12/11 Pro MAX/XR/XS/8/7/Plus/6S/SE/iPad,$11.99 ,No Discount
112,"ZAGG InvisibleShield GlassFusion+ with D3O Screen Protector - Made Apple iPhone 12 mini - Case Friendly, clear (200307600)",$35.47 ,-7%
113,"SanDisk 128GB Extreme PRO SDXC UHS-I Card - C10, U3, V30, 4K UHD, SD Card - SDSDXXY-128G-GN4IN",$25.99 ,-42%
114,"Scotch Thermal Laminating Pouches, 200-Pack, 8.9 x 11.4 Inches, Letter Size Sheets, Clear, 3-Mil (TP3854-200)",$25.99 ,-40%
115,"SAMSUNG EVO Select Micro SD-Memory-Card + Adapter, 256GB microSDXC 130MB/s Full HD & 4K UHD, UHS-I, U3, A2, V30, Expanded Storage for Android Smartphones, Tablets, Nintendo-Switch (MB-ME256KA/AM)",$26.99 ,-33%
116,"SanDisk 128GB Extreme microSDXC UHS-I Memory Card with Adapter - Up to 160MB/s, C10, U3, V30, 4K, A2, Micro SD - SDSQXA1-128G-GN6MA",$18.87 ,No Discount
117,Made for Amazon SanDisk 128GB microSD Memory Card for Fire Tablets and Fire -TV,$15.15 ,No Discount
118,Apple Lightning to USB Cable (1 m),No Price Given,No Discount
119,"Samsung Galaxy SmartTag Bluetooth Tracker & Item Locator for Keys, Wallets, Luggage, Pets and More (1 Pack), Black (US Version)",$29.99 ,No Discount
120,"Amazon Basics Full Motion Articulating TV Monitor Wall Mount for 22-55 Inch TVs and Flat Panels up to 80 Lbs, Black",$22.96 ,No Discount
121,Poly Voyager 5200 Bluetooth Headset (Plantronics) - Single-Ear (Mono) Bluetooth Earpiece with Noise Canceling Mic - Cell/Mobile Phone Headset,$89.99 ,-25%
122,"Marshall Stanmore II Wireless Bluetooth Speaker, Black - NEW",$299.99 ,-21%
123,"SAMSUNG Galaxy Buds 2 True Wireless Bluetooth Earbuds w/ Noise Cancelling, Ambient Sound, Comfort Ear Fit, 3 Mics, Long Battery Life, Touch Control, Auto Switch Between Devices, US Version, Graphite",$116.07 ,-23%
124,AfterShokz Aeropex - Open-Ear Bluetooth Bone Conduction Sport Headphones - Sweat Resistant Wireless Earphones for Workouts and Running - Built-in Mic - with Sport Belt,$141.93 ,No Discount
125,"Apple AirPods (2nd Generation) Wireless Earbuds with Lightning Charging Case Included. Over 24 Hours of Battery Life, Effortless Setup. Bluetooth Headphones for iPhone",No Price Given,No Discount
126,"Apple EarPods Headphones with Lightning Connector. Microphone with Built-in Remote to Control Music, Phone Calls, and Volume. Wired Earbuds for iPhone",No Price Given,No Discount
127,"SAMSUNG Galaxy Watch 4 40mm Smartwatch with ECG Monitor Tracker for Health, Fitness, Running, Sleep Cycles, GPS Fall Detection, Bluetooth, US Version, SM-R860NZSAXAA, Silver",$209.00 ,-16%
128,"SAMSUNG Galaxy Buds Pro, Bluetooth Earbuds, True Wireless, Noise Cancelling, Charging Case, Quality Sound, Water Resistant, Phantom Black (US Version)",$178.23 ,-11%
129,"Scotch Thermal Laminating Pouches, 100-Pack, 8.9 x 11.4 Inches, Letter Size Sheets (TP3854-100)",$12.99 ,-47%
130,"SanDisk 128GB Ultra microSDXC UHS-I Memory Card with Adapter - 120MB/s, C10, U1, Full HD, A1, Micro SD Card - SDSQUA4-128G-GN6MA",$17.52 ,-30%
131,"SAMSUNG Galaxy Buds Live, True Wireless Earbuds with Active Noise Cancelling, Microphone, Charging Case for Ear Buds, US Version, Onyx Black",$99.99 ,-33%
132,"GoPro HERO8 Black Bundle: Includes HERO8 Black Camera, Rechargeable Battery (2 Total), Protective Housing, and Carrying Case",$359.97 ,No Discount
133,"Garmin Vivoactive 4, GPS Smartwatch, Features Music, Body Energy Monitoring, Animated Workouts, Pulse Ox Sensors and More, Black",$206.80 ,-37%
134,"iOttie Easy One Touch 5 Dashboard & Windshield Universal Car Mount Phone Holder Desk Stand for -iPhone, Samsung, Moto, Huawei, Nokia, LG, Smartphones",$17.10 ,-31%
135,Apple Lightning to 3.5 mm Headphone Jack Adapter,No Price Given,No Discount
136,[Apple MFi Certified] 6Pack 3/3/6/6/6/10 FT iPhone Charger Nylon Braided Fast Charging Lightning Cable Compatible iPhone 13 mini/13/12/11 Pro MAX/XR/XS/8/7/Plus/6S/SE/iPad,$11.99 ,No Discount
137,"ZAGG InvisibleShield GlassFusion+ with D3O Screen Protector - Made Apple iPhone 12 mini - Case Friendly, clear (200307600)",$35.47 ,-7%
138,"SanDisk 128GB Extreme PRO SDXC UHS-I Card - C10, U3, V30, 4K UHD, SD Card - SDSDXXY-128G-GN4IN",$25.99 ,-42%
139,"Scotch Thermal Laminating Pouches, 200-Pack, 8.9 x 11.4 Inches, Letter Size Sheets, Clear, 3-Mil (TP3854-200)",$25.99 ,-40%
140,"SAMSUNG EVO Select Micro SD-Memory-Card + Adapter, 256GB microSDXC 130MB/s Full HD & 4K UHD, UHS-I, U3, A2, V30, Expanded Storage for Android Smartphones, Tablets, Nintendo-Switch (MB-ME256KA/AM)",$26.99 ,-33%
141,"SanDisk 128GB Extreme microSDXC UHS-I Memory Card with Adapter - Up to 160MB/s, C10, U3, V30, 4K, A2, Micro SD - SDSQXA1-128G-GN6MA",$18.87 ,No Discount
142,Made for Amazon SanDisk 128GB microSD Memory Card for Fire Tablets and Fire -TV,$15.15 ,No Discount
143,Apple Lightning to USB Cable (1 m),No Price Given,No Discount
144,"Samsung Galaxy SmartTag Bluetooth Tracker & Item Locator for Keys, Wallets, Luggage, Pets and More (1 Pack), Black (US Version)",$29.99 ,No Discount
145,"Amazon Basics Full Motion Articulating TV Monitor Wall Mount for 22-55 Inch TVs and Flat Panels up to 80 Lbs, Black",$22.96 ,No Discount
146,Poly Voyager 5200 Bluetooth Headset (Plantronics) - Single-Ear (Mono) Bluetooth Earpiece with Noise Canceling Mic - Cell/Mobile Phone Headset,$89.99 ,-25%
147,"Marshall Stanmore II Wireless Bluetooth Speaker, Black - NEW",$299.99 ,-21%
148,"SAMSUNG Galaxy Buds 2 True Wireless Bluetooth Earbuds w/ Noise Cancelling, Ambient Sound, Comfort Ear Fit, 3 Mics, Long Battery Life, Touch Control, Auto Switch Between Devices, US Version, Graphite",$116.07 ,-23%
149,AfterShokz Aeropex - Open-Ear Bluetooth Bone Conduction Sport Headphones - Sweat Resistant Wireless Earphones for Workouts and Running - Built-in Mic - with Sport Belt,$141.93 ,No Discount
150,"Apple AirPods (2nd Generation) Wireless Earbuds with Lightning Charging Case Included. Over 24 Hours of Battery Life, Effortless Setup. Bluetooth Headphones for iPhone",No Price Given,No Discount
151,"Apple EarPods Headphones with Lightning Connector. Microphone with Built-in Remote to Control Music, Phone Calls, and Volume. Wired Earbuds for iPhone",No Price Given,No Discount
152,"SAMSUNG Galaxy Watch 4 40mm Smartwatch with ECG Monitor Tracker for Health, Fitness, Running, Sleep Cycles, GPS Fall Detection, Bluetooth, US Version, SM-R860NZSAXAA, Silver",$209.00 ,-16%
153,"SAMSUNG Galaxy Buds Pro, Bluetooth Earbuds, True Wireless, Noise Cancelling, Charging Case, Quality Sound, Water Resistant, Phantom Black (US Version)",$178.23 ,-11%
154,"Scotch Thermal Laminating Pouches, 100-Pack, 8.9 x 11.4 Inches, Letter Size Sheets (TP3854-100)",$12.99 ,-47%
155,"SanDisk 128GB Ultra microSDXC UHS-I Memory Card with Adapter - 120MB/s, C10, U1, Full HD, A1, Micro SD Card - SDSQUA4-128G-GN6MA",$17.52 ,-30%
156,"SAMSUNG Galaxy Buds Live, True Wireless Earbuds with Active Noise Cancelling, Microphone, Charging Case for Ear Buds, US Version, Onyx Black",$99.99 ,-33%
157,"GoPro HERO8 Black Bundle: Includes HERO8 Black Camera, Rechargeable Battery (2 Total), Protective Housing, and Carrying Case",$359.97 ,No Discount
158,"Garmin Vivoactive 4, GPS Smartwatch, Features Music, Body Energy Monitoring, Animated Workouts, Pulse Ox Sensors and More, Black",$206.80 ,-37%
159,"iOttie Easy One Touch 5 Dashboard & Windshield Universal Car Mount Phone Holder Desk Stand for -iPhone, Samsung, Moto, Huawei, Nokia, LG, Smartphones",$17.10 ,-31%
160,Apple Lightning to 3.5 mm Headphone Jack Adapter,No Price Given,No Discount
161,[Apple MFi Certified] 6Pack 3/3/6/6/6/10 FT iPhone Charger Nylon Braided Fast Charging Lightning Cable Compatible iPhone 13 mini/13/12/11 Pro MAX/XR/XS/8/7/Plus/6S/SE/iPad,$11.99 ,No Discount
162,"ZAGG InvisibleShield GlassFusion+ with D3O Screen Protector - Made Apple iPhone 12 mini - Case Friendly, clear (200307600)",$35.47 ,-7%
163,"SanDisk 128GB Extreme PRO SDXC UHS-I Card - C10, U3, V30, 4K UHD, SD Card - SDSDXXY-128G-GN4IN",$25.99 ,-42%
164,"Scotch Thermal Laminating Pouches, 200-Pack, 8.9 x 11.4 Inches, Letter Size Sheets, Clear, 3-Mil (TP3854-200)",$25.99 ,-40%
165,"SAMSUNG EVO Select Micro SD-Memory-Card + Adapter, 256GB microSDXC 130MB/s Full HD & 4K UHD, UHS-I, U3, A2, V30, Expanded Storage for Android Smartphones, Tablets, Nintendo-Switch (MB-ME256KA/AM)",$26.99 ,-33%
166,"SanDisk 128GB Extreme microSDXC UHS-I Memory Card with Adapter - Up to 160MB/s, C10, U3, V30, 4K, A2, Micro SD - SDSQXA1-128G-GN6MA",$18.87 ,No Discount
167,Made for Amazon SanDisk 128GB microSD Memory Card for Fire Tablets and Fire -TV,$15.15 ,No Discount
168,Apple Lightning to USB Cable (1 m),No Price Given,No Discount
169,"Samsung Galaxy SmartTag Bluetooth Tracker & Item Locator for Keys, Wallets, Luggage, Pets and More (1 Pack), Black (US Version)",$29.99 ,No Discount
170,"Amazon Basics Full Motion Articulating TV Monitor Wall Mount for 22-55 Inch TVs and Flat Panels up to 80 Lbs, Black",$22.96 ,No Discount
171,Poly Voyager 5200 Bluetooth Headset (Plantronics) - Single-Ear (Mono) Bluetooth Earpiece with Noise Canceling Mic - Cell/Mobile Phone Headset,$89.99 ,-25%
172,"Marshall Stanmore II Wireless Bluetooth Speaker, Black - NEW",$299.99 ,-21%
173,"SAMSUNG Galaxy Buds 2 True Wireless Bluetooth Earbuds w/ Noise Cancelling, Ambient Sound, Comfort Ear Fit, 3 Mics, Long Battery Life, Touch Control, Auto Switch Between Devices, US Version, Graphite",$116.07 ,-23%
174,AfterShokz Aeropex - Open-Ear Bluetooth Bone Conduction Sport Headphones - Sweat Resistant Wireless Earphones for Workouts and Running - Built-in Mic - with Sport Belt,$141.93 ,No Discount
175,"Apple AirPods (2nd Generation) Wireless Earbuds with Lightning Charging Case Included. Over 24 Hours of Battery Life, Effortless Setup. Bluetooth Headphones for iPhone",No Price Given,No Discount
176,"Apple EarPods Headphones with Lightning Connector. Microphone with Built-in Remote to Control Music, Phone Calls, and Volume. Wired Earbuds for iPhone",No Price Given,No Discount
177,"SAMSUNG Galaxy Watch 4 40mm Smartwatch with ECG Monitor Tracker for Health, Fitness, Running, Sleep Cycles, GPS Fall Detection, Bluetooth, US Version, SM-R860NZSAXAA, Silver",$209.00 ,-16%
178,"SAMSUNG Galaxy Buds Pro, Bluetooth Earbuds, True Wireless, Noise Cancelling, Charging Case, Quality Sound, Water Resistant, Phantom Black (US Version)",$178.23 ,-11%
179,"Scotch Thermal Laminating Pouches, 100-Pack, 8.9 x 11.4 Inches, Letter Size Sheets (TP3854-100)",$12.99 ,-47%
180,"SanDisk 128GB Ultra microSDXC UHS-I Memory Card with Adapter - 120MB/s, C10, U1, Full HD, A1, Micro SD Card - SDSQUA4-128G-GN6MA",$17.52 ,-30%
181,"SAMSUNG Galaxy Buds Live, True Wireless Earbuds with Active Noise Cancelling, Microphone, Charging Case for Ear Buds, US Version, Onyx Black",$99.99 ,-33%
182,"GoPro HERO8 Black Bundle: Includes HERO8 Black Camera, Rechargeable Battery (2 Total), Protective Housing, and Carrying Case",$359.97 ,No Discount
183,"Garmin Vivoactive 4, GPS Smartwatch, Features Music, Body Energy Monitoring, Animated Workouts, Pulse Ox Sensors and More, Black",$206.80 ,-37%
184,"iOttie Easy One Touch 5 Dashboard & Windshield Universal Car Mount Phone Holder Desk Stand for -iPhone, Samsung, Moto, Huawei, Nokia, LG, Smartphones",$17.10 ,-31%
185,Apple Lightning to 3.5 mm Headphone Jack Adapter,No Price Given,No Discount
186,[Apple MFi Certified] 6Pack 3/3/6/6/6/10 FT iPhone Charger Nylon Braided Fast Charging Lightning Cable Compatible iPhone 13 mini/13/12/11 Pro MAX/XR/XS/8/7/Plus/6S/SE/iPad,$11.99 ,No Discount
187,"ZAGG InvisibleShield GlassFusion+ with D3O Screen Protector - Made Apple iPhone 12 mini - Case Friendly, clear (200307600)",$35.47 ,-7%
188,"SanDisk 128GB Extreme PRO SDXC UHS-I Card - C10, U3, V30, 4K UHD, SD Card - SDSDXXY-128G-GN4IN",$25.99 ,-42%
189,"Scotch Thermal Laminating Pouches, 200-Pack, 8.9 x 11.4 Inches, Letter Size Sheets, Clear, 3-Mil (TP3854-200)",$25.99 ,-40%
190,"SAMSUNG EVO Select Micro SD-Memory-Card + Adapter, 256GB microSDXC 130MB/s Full HD & 4K UHD, UHS-I, U3, A2, V30, Expanded Storage for Android Smartphones, Tablets, Nintendo-Switch (MB-ME256KA/AM)",$26.99 ,-33%
191,"SanDisk 128GB Extreme microSDXC UHS-I Memory Card with Adapter - Up to 160MB/s, C10, U3, V30, 4K, A2, Micro SD - SDSQXA1-128G-GN6MA",$18.87 ,No Discount
192,Made for Amazon SanDisk 128GB microSD Memory Card for Fire Tablets and Fire -TV,$15.15 ,No Discount
193,Apple Lightning to USB Cable (1 m),No Price Given,No Discount
194,"Samsung Galaxy SmartTag Bluetooth Tracker & Item Locator for Keys, Wallets, Luggage, Pets and More (1 Pack), Black (US Version)",$29.99 ,No Discount
195,"Amazon Basics Full Motion Articulating TV Monitor Wall Mount for 22-55 Inch TVs and Flat Panels up to 80 Lbs, Black",$22.96 ,No Discount
196,Poly Voyager 5200 Bluetooth Headset (Plantronics) - Single-Ear (Mono) Bluetooth Earpiece with Noise Canceling Mic - Cell/Mobile Phone Headset,$89.99 ,-25%
197,"Marshall Stanmore II Wireless Bluetooth Speaker, Black - NEW",$299.99 ,-21%
198,"SAMSUNG Galaxy Buds 2 True Wireless Bluetooth Earbuds w/ Noise Cancelling, Ambient Sound, Comfort Ear Fit, 3 Mics, Long Battery Life, Touch Control, Auto Switch Between Devices, US Version, Graphite",$116.07 ,-23%
199,AfterShokz Aeropex - Open-Ear Bluetooth Bone Conduction Sport Headphones - Sweat Resistant Wireless Earphones for Workouts and Running - Built-in Mic - with Sport Belt,$141.93 ,No Discount
200,"Apple AirPods (2nd Generation) Wireless Earbuds with Lightning Charging Case Included. Over 24 Hours of Battery Life, Effortless Setup. Bluetooth Headphones for iPhone",No Price Given,No Discount
201,"Apple EarPods Headphones with Lightning Connector. Microphone with Built-in Remote to Control Music, Phone Calls, and Volume. Wired Earbuds for iPhone",No Price Given,No Discount
202,"SAMSUNG Galaxy Watch 4 40mm Smartwatch with ECG Monitor Tracker for Health, Fitness, Running, Sleep Cycles, GPS Fall Detection, Bluetooth, US Version, SM-R860NZSAXAA, Silver",$209.00 ,-16%
203,"SAMSUNG Galaxy Buds Pro, Bluetooth Earbuds, True Wireless, Noise Cancelling, Charging Case, Quality Sound, Water Resistant, Phantom Black (US Version)",$178.23 ,-11%
204,"Scotch Thermal Laminating Pouches, 100-Pack, 8.9 x 11.4 Inches, Letter Size Sheets (TP3854-100)",$12.99 ,-47%
205,"SanDisk 128GB Ultra microSDXC UHS-I Memory Card with Adapter - 120MB/s, C10, U1, Full HD, A1, Micro SD Card - SDSQUA4-128G-GN6MA",$17.52 ,-30%
206,"SAMSUNG Galaxy Buds Live, True Wireless Earbuds with Active Noise Cancelling, Microphone, Charging Case for Ear Buds, US Version, Onyx Black",$99.99 ,-33%
207,"GoPro HERO8 Black Bundle: Includes HERO8 Black Camera, Rechargeable Battery (2 Total), Protective Housing, and Carrying Case",$359.97 ,No Discount
208,"Garmin Vivoactive 4, GPS Smartwatch, Features Music, Body Energy Monitoring, Animated Workouts, Pulse Ox Sensors and More, Black",$206.80 ,-37%
209,"iOttie Easy One Touch 5 Dashboard & Windshield Universal Car Mount Phone Holder Desk Stand for -iPhone, Samsung, Moto, Huawei, Nokia, LG, Smartphones",$17.10 ,-31%
210,Apple Lightning to 3.5 mm Headphone Jack Adapter,No Price Given,No Discount
211,[Apple MFi Certified] 6Pack 3/3/6/6/6/10 FT iPhone Charger Nylon Braided Fast Charging Lightning Cable Compatible iPhone 13 mini/13/12/11 Pro MAX/XR/XS/8/7/Plus/6S/SE/iPad,$11.99 ,No Discount
212,"ZAGG InvisibleShield GlassFusion+ with D3O Screen Protector - Made Apple iPhone 12 mini - Case Friendly, clear (200307600)",$35.47 ,-7%
213,"SanDisk 128GB Extreme PRO SDXC UHS-I Card - C10, U3, V30, 4K UHD, SD Card - SDSDXXY-128G-GN4IN",$25.99 ,-42%
214,"Scotch Thermal Laminating Pouches, 200-Pack, 8.9 x 11.4 Inches, Letter Size Sheets, Clear, 3-Mil (TP3854-200)",$25.99 ,-40%
215,"SAMSUNG EVO Select Micro SD-Memory-Card + Adapter, 256GB microSDXC 130MB/s Full HD & 4K UHD, UHS-I, U3, A2, V30, Expanded Storage for Android Smartphones, Tablets, Nintendo-Switch (MB-ME256KA/AM)",$26.99 ,-33%
216,"SanDisk 128GB Extreme microSDXC UHS-I Memory Card with Adapter - Up to 160MB/s, C10, U3, V30, 4K, A2, Micro SD - SDSQXA1-128G-GN6MA",$18.87 ,No Discount
217,Made for Amazon SanDisk 128GB microSD Memory Card for Fire Tablets and Fire -TV,$15.15 ,No Discount
218,Apple Lightning to USB Cable (1 m),No Price Given,No Discount
219,"Samsung Galaxy SmartTag Bluetooth Tracker & Item Locator for Keys, Wallets, Luggage, Pets and More (1 Pack), Black (US Version)",$29.99 ,No Discount
220,"Amazon Basics Full Motion Articulating TV Monitor Wall Mount for 22-55 Inch TVs and Flat Panels up to 80 Lbs, Black",$22.96 ,No Discount
221,Poly Voyager 5200 Bluetooth Headset (Plantronics) - Single-Ear (Mono) Bluetooth Earpiece with Noise Canceling Mic - Cell/Mobile Phone Headset,$89.99 ,-25%
222,"Marshall Stanmore II Wireless Bluetooth Speaker, Black - NEW",$299.99 ,-21%
223,"SAMSUNG Galaxy Buds 2 True Wireless Bluetooth Earbuds w/ Noise Cancelling, Ambient Sound, Comfort Ear Fit, 3 Mics, Long Battery Life, Touch Control, Auto Switch Between Devices, US Version, Graphite",$116.07 ,-23%
224,AfterShokz Aeropex - Open-Ear Bluetooth Bone Conduction Sport Headphones - Sweat Resistant Wireless Earphones for Workouts and Running - Built-in Mic - with Sport Belt,$141.93 ,No Discount
225,"Apple AirPods (2nd Generation) Wireless Earbuds with Lightning Charging Case Included. Over 24 Hours of Battery Life, Effortless Setup. Bluetooth Headphones for iPhone",No Price Given,No Discount
226,"Apple EarPods Headphones with Lightning Connector. Microphone with Built-in Remote to Control Music, Phone Calls, and Volume. Wired Earbuds for iPhone",No Price Given,No Discount
227,"SAMSUNG Galaxy Watch 4 40mm Smartwatch with ECG Monitor Tracker for Health, Fitness, Running, Sleep Cycles, GPS Fall Detection, Bluetooth, US Version, SM-R860NZSAXAA, Silver",$209.00 ,-16%
228,"SAMSUNG Galaxy Buds Pro, Bluetooth Earbuds, True Wireless, Noise Cancelling, Charging Case, Quality Sound, Water Resistant, Phantom Black (US Version)",$178.23 ,-11%
229,"Scotch Thermal Laminating Pouches, 100-Pack, 8.9 x 11.4 Inches, Letter Size Sheets (TP3854-100)",$12.99 ,-47%
230,"SanDisk 128GB Ultra microSDXC UHS-I Memory Card with Adapter - 120MB/s, C10, U1, Full HD, A1, Micro SD Card - SDSQUA4-128G-GN6MA",$17.52 ,-30%
231,"SAMSUNG Galaxy Buds Live, True Wireless Earbuds with Active Noise Cancelling, Microphone, Charging Case for Ear Buds, US Version, Onyx Black",$99.99 ,-33%
232,"GoPro HERO8 Black Bundle: Includes HERO8 Black Camera, Rechargeable Battery (2 Total), Protective Housing, and Carrying Case",$359.97 ,No Discount
233,"Garmin Vivoactive 4, GPS Smartwatch, Features Music, Body Energy Monitoring, Animated Workouts, Pulse Ox Sensors and More, Black",$206.80 ,-37%
234,"iOttie Easy One Touch 5 Dashboard & Windshield Universal Car Mount Phone Holder Desk Stand for -iPhone, Samsung, Moto, Huawei, Nokia, LG, Smartphones",$17.10 ,-31%
235,Apple Lightning to 3.5 mm Headphone Jack Adapter,No Price Given,No Discount
236,[Apple MFi Certified] 6Pack 3/3/6/6/6/10 FT iPhone Charger Nylon Braided Fast Charging Lightning Cable Compatible iPhone 13 mini/13/12/11 Pro MAX/XR/XS/8/7/Plus/6S/SE/iPad,$11.99 ,No Discount
237,"ZAGG InvisibleShield GlassFusion+ with D3O Screen Protector - Made Apple iPhone 12 mini - Case Friendly, clear (200307600)",$35.47 ,-7%
238,"SanDisk 128GB Extreme PRO SDXC UHS-I Card - C10, U3, V30, 4K UHD, SD Card - SDSDXXY-128G-GN4IN",$25.99 ,-42%
239,"Scotch Thermal Laminating Pouches, 200-Pack, 8.9 x 11.4 Inches, Letter Size Sheets, Clear, 3-Mil (TP3854-200)",$25.99 ,-40%
240,"SAMSUNG EVO Select Micro SD-Memory-Card + Adapter, 256GB microSDXC 130MB/s Full HD & 4K UHD, UHS-I, U3, A2, V30, Expanded Storage for Android Smartphones, Tablets, Nintendo-Switch (MB-ME256KA/AM)",$26.99 ,-33%
241,"SanDisk 128GB Extreme microSDXC UHS-I Memory Card with Adapter - Up to 160MB/s, C10, U3, V30, 4K, A2, Micro SD - SDSQXA1-128G-GN6MA",$18.87 ,No Discount
242,Made for Amazon SanDisk 128GB microSD Memory Card for Fire Tablets and Fire -TV,$15.15 ,No Discount
243,Apple Lightning to USB Cable (1 m),No Price Given,No Discount
244,"Samsung Galaxy SmartTag Bluetooth Tracker & Item Locator for Keys, Wallets, Luggage, Pets and More (1 Pack), Black (US Version)",$29.99 ,No Discount
245,"Amazon Basics Full Motion Articulating TV Monitor Wall Mount for 22-55 Inch TVs and Flat Panels up to 80 Lbs, Black",$22.96 ,No Discount
246,Poly Voyager 5200 Bluetooth Headset (Plantronics) - Single-Ear (Mono) Bluetooth Earpiece with Noise Canceling Mic - Cell/Mobile Phone Headset,$89.99 ,-25%
247,"Marshall Stanmore II Wireless Bluetooth Speaker, Black - NEW",$299.99 ,-21%
248,"SAMSUNG Galaxy Buds 2 True Wireless Bluetooth Earbuds w/ Noise Cancelling, Ambient Sound, Comfort Ear Fit, 3 Mics, Long Battery Life, Touch Control, Auto Switch Between Devices, US Version, Graphite",$116.07 ,-23%
249,AfterShokz Aeropex - Open-Ear Bluetooth Bone Conduction Sport Headphones - Sweat Resistant Wireless Earphones for Workouts and Running - Built-in Mic - with Sport Belt,$141.93 ,No Discount
